TIMESTAMP,WORKFLOW,STATUS,FILE,ACTION
2026-08-14 14:20:50,STRATIFY_REPORT_AUTOMATION,SUCCESS,STRATIFY_Executive_Report_20260814_142035.pdf,Detected new executive PDF report
2026-08-14 14:20:50,STRATIFY_REPORT_AUTOMATION,MANUAL_REQUIRED,STRATIFY_Executive_Report_20260814_142035.pdf,MANUAL CONNECTION REQUIRED — EMAIL: Configure SMTP_USER and SMTP_PASSWORD in .env
2026-08-14 14:25:35,STRATIFY_REPORT_AUTOMATION,SUCCESS,STRATIFY_Executive_Report_20260814_142508.pdf,Detected new executive PDF report
2026-08-14 14:25:35,STRATIFY_REPORT_AUTOMATION,ARCHIVED,STRATIFY_Executive_Report_20260814_142035.pdf,Moved older report to reports/archive/STRATIFY_Executive_Report_20260814_142035.pdf
2026-08-14 14:25:35,STRATIFY_REPORT_AUTOMATION,MANUAL_REQUIRED,STRATIFY_Executive_Report_20260814_142508.pdf,MANUAL CONNECTION REQUIRED — EMAIL: Configure SMTP_USER and SMTP_PASSWORD in .env
2026-08-14 14:57:33,STRATIFY_REPORT_AUTOMATION,SUCCESS,STRATIFY_Executive_Report_20260814_142508.pdf,Detected new executive PDF report
2026-08-14 14:57:33,STRATIFY_REPORT_AUTOMATION,ARCHIVED,STRATIFY_Executive_Business_Report_20260814_144609.pdf,Moved older report to reports/archive/STRATIFY_Executive_Business_Report_20260814_144609.pdf
2026-08-14 14:57:33,STRATIFY_REPORT_AUTOMATION,ARCHIVED,STRATIFY_Executive_Business_Report_20260814_145723.pdf,Moved older report to reports/archive/STRATIFY_Executive_Business_Report_20260814_145723.pdf
2026-08-14 14:57:33,STRATIFY_REPORT_AUTOMATION,MANUAL_REQUIRED,STRATIFY_Executive_Report_20260814_142508.pdf,MANUAL CONNECTION REQUIRED — EMAIL: Configure SMTP_USER and SMTP_PASSWORD in .env
2026-08-14 14:58:12,STRATIFY_REPORT_AUTOMATION,SUCCESS,STRATIFY_Executive_Report_20260814_142508.pdf,Detected new executive PDF report
2026-08-14 14:58:12,STRATIFY_REPORT_AUTOMATION,ARCHIVED,STRATIFY_Executive_Business_Report_20260814_145800.pdf,Moved older report to reports/archive/STRATIFY_Executive_Business_Report_20260814_145800.pdf
2026-08-14 14:58:12,STRATIFY_REPORT_AUTOMATION,MANUAL_REQUIRED,STRATIFY_Executive_Report_20260814_142508.pdf,MANUAL CONNECTION REQUIRED — EMAIL: Configure SMTP_USER and SMTP_PASSWORD in .env
2026-08-14 14:59:37,STRATIFY_REPORT_AUTOMATION,SUCCESS,STRATIFY_Executive_Report_20260814_142508.pdf,Detected new executive PDF report
2026-08-14 14:59:37,STRATIFY_REPORT_AUTOMATION,ARCHIVED,STRATIFY_Executive_Business_Report_20260814_145928.pdf,Moved older report to reports/archive/STRATIFY_Executive_Business_Report_20260814_145928.pdf
2026-08-14 14:59:37,STRATIFY_REPORT_AUTOMATION,MANUAL_REQUIRED,STRATIFY_Executive_Report_20260814_142508.pdf,MANUAL CONNECTION REQUIRED — EMAIL: Configure SMTP_USER and SMTP_PASSWORD in .env
2026-08-14 15:14:20,STRATIFY_REPORT_AUTOMATION,SUCCESS,STRATIFY_Executive_Report_20260814_142508.pdf,Detected new executive PDF report
2026-08-14 15:14:20,STRATIFY_REPORT_AUTOMATION,ARCHIVED,STRATIFY_Executive_Business_Report_20260814_151412.pdf,Moved older report to reports/archive/STRATIFY_Executive_Business_Report_20260814_151412.pdf
2026-08-14 15:14:20,STRATIFY_EMAIL_DISPATCH,MANUAL_REQUIRED,STRATIFY_Executive_Report_20260814_142508.pdf,MANUAL ACTION REQUIRED — Please set valid Gmail SMTP_USER and SMTP_PASSWORD in .env file
2026-08-14 15:16:08,STRATIFY_REPORT_AUTOMATION,SUCCESS,STRATIFY_Executive_Report_20260814_142508.pdf,Detected new executive PDF report
2026-08-14 15:16:08,STRATIFY_EMAIL_DISPATCH,MANUAL_REQUIRED,STRATIFY_Executive_Report_20260814_142508.pdf,MANUAL ACTION REQUIRED — Please set valid Gmail SMTP_USER and SMTP_PASSWORD in .env file
2026-08-14 15:16:55,STRATIFY_REPORT_AUTOMATION,SUCCESS,STRATIFY_Executive_Report_20260814_142508.pdf,Detected new executive PDF report
2026-08-14 15:16:55,STRATIFY_EMAIL_DISPATCH,MANUAL_REQUIRED,STRATIFY_Executive_Report_20260814_142508.pdf,MANUAL ACTION REQUIRED — Please set valid Gmail SMTP_USER and SMTP_PASSWORD in .env file
2026-08-14 15:17:11,STRATIFY_REPORT_AUTOMATION,SUCCESS,STRATIFY_Executive_Report_20260814_142508.pdf,Detected new executive PDF report
2026-08-14 15:17:11,STRATIFY_EMAIL_DISPATCH,MANUAL_REQUIRED,STRATIFY_Executive_Report_20260814_142508.pdf,MANUAL ACTION REQUIRED — Please set valid Gmail SMTP_USER and SMTP_PASSWORD in .env file
2026-08-14 15:17:31,STRATIFY_REPORT_AUTOMATION,SUCCESS,STRATIFY_Executive_Report_20260814_142508.pdf,Detected new executive PDF report
2026-08-14 15:17:37,STRATIFY_EMAIL_DISPATCH,EMAIL_SENT,STRATIFY_Executive_Report_20260814_142508.pdf,Successfully sent PDF report via Gmail SMTP to rithviksalian392@gmail.com
2026-08-14 15:19:54,STRATIFY_REPORT_AUTOMATION,SUCCESS,STRATIFY_Executive_Report_20260814_142508.pdf,Detected new executive PDF report
2026-08-14 15:19:54,STRATIFY_REPORT_AUTOMATION,ARCHIVED,STRATIFY_Executive_Business_Report_20260814_151943.pdf,Moved older report to reports/archive/STRATIFY_Executive_Business_Report_20260814_151943.pdf
2026-08-14 15:19:59,STRATIFY_EMAIL_DISPATCH,EMAIL_SENT,STRATIFY_Executive_Report_20260814_142508.pdf,Successfully sent PDF report via Gmail SMTP to rithviksalian392@gmail.com
